titles,category
"정동영 통일부 장관, ‘남북·미·중’ 4자 회담 제의",Politics
"국힘 송언석 ""투표용지 부족 사태, 국정조사 제안""",Politics
논산시 충남도의원 선거서 1표차로 당락 갈렸다,Politics
"이준석 “투표용지 부족 사태, 민주당이 즉시 국정조사 받아야”",Politics
구자열 원주시장 당선인 “시민주권시대 열겠다”,Politics
"“품격·실력 없다”…‘당선자’ 한동훈, 장동혁 등 국민의힘 당권파 정조준",Politics
6·3 지방선거 투표율 61%…역대 두 번째로 높았다,Politics
"정부, 北김정은 새 핵시설 시찰에 ""국제 비확산 체제 도전"" 비판",Politics
"‘평택을 3위’ 조국, 당대표직 사퇴…“전쟁 포기는 안해”",Politics
"이재명 대통령 “투표용지 부족, 납득 쉽지않아…참정권 훼손 다시는 안돼”",Politics
전주혜가 가문을 지키는 법 [최훈민의 심연],Politics
"박지원 ""박근혜·이명박, 이 꼴뚜기 망둥이 같은 자들이...수치도 모르고, 김부겸·김경수 아까워""[여의도초대석]",Politics
"장윤선 “선거로 이재명 정부 뒷받침 못한 민주당, 책임져야” [김은지의 뉴스IN]",Politics
투표함 반출되자 울부짖었다…봉쇄 사흘 만에 전격 진입,Politics
결국 끌려 나오는 시위대...경찰에 강력 저항 [현장영상+],Politics
"김상욱 ""광역단체장 후보 중 선거비 제일 적게 쓰고 당선""[한판승부]",Politics
"김남국 ""새 미래 설정하고 통합할 분이 차기 당 대표돼야""[한판승부]",Politics
'보수의 미래' 두고 권력지형 지각변동…이젠 한동훈·오세훈의 시간,Politics
"“제발 좀 나가 주세요”…투표소 봉쇄 사흘째 참다못한 주민들, 결국 ‘퇴거 요청’",Politics
"선거 끝났는데…투표소 봉쇄 사흘째, 주민들도 뿔났다",Politics
[손병관의 뉴스프레소] '부정선거' 빌미 안 주려다가 '음모론' 불지핀 선관위,Politics
조국 낙선에 혁신당 ‘비상’…리더십 공백 속 합당론 안갯속,Politics
여의도서 만나는 장동혁-한동훈…보수 주도권 다툼 본격화?,Politics
"환멸스러웠던 평택을 아귀다툼, 서울 우경화...그나마 희망적인 건",Politics
서울 잠실 투표소 투표함 사흘째 발 묶여...소송전 번질 듯,Politics
"""오세훈 당선되자 재선거 얘기 쏙 들어갔다""…'부정선거론자'들, 이번엔 국힘 향한 음모론",Politics
[이충재 칼럼] 조국·김용남 '동반 패배'의 교훈,Politics
'전략가' 배현진·'공격수' 김재섭…오세훈 극적 승리 견인한 '투톱',Politics
38년된 지휘헬기 타는 공군참모총장…회전익 헬기 100% 도입시기 25년 지나[이현호의 밀리터리!톡],Politics
"[삶-특집] ""한국군, 우방국 도움 없이 국민생명 지킬 수 있나""",Politics
'지선 승리' 정청래 '보폭 확대' 김민석 '저격 나선' 송영길…與 당권 전쟁,Politics
與 '뼈아픈 12승' 野 '최악 면한 성적표'…민심이 던진 경고장,Politics
韓이 림팩 지휘봉 잡는 이유…美의 '전략적 유연성'의 그림자[한반도 GPS],Politics
1987년의 유령이 2026년 평택을에 출몰했다,Politics
'무소속 당선' 한동훈 귀환…국민의힘 복당·당권 갈등 뇌관,Politics
“정청래 끌어내리겠다”…투표함 닫히자 ‘복수의 칼’가는 김관영·김영록,Politics
"원 구성 협상 ‘강 대 강’ 될 듯… 이진숙·김태규 입성, 과방위 기싸움 예고",Politics
장동혁 “당원과 새 길” 사퇴 일축… 당내 “주말까지 거취 정하라”,Politics
12대 4가 만든 ‘쓴웃음’ 속 ‘오세훈 드라마’,Politics
"정청래·장동혁, 승패 떠나 책임론 부상…당권 재편 요동",Politics
오세훈·한동훈 뜨고 조국·이준석 흔들…대권주자 손익은,Politics
'사실상 패배했다' 평가에 정청래 책임론…'당권 도전' 金총리 등판 언제?,Politics
"여권엔 절제, 야권엔 혁신…6·3 민심이 날린 경고 [view]",Politics
"“한·일전 진 꼴”…李대통령, 후임 총리 강훈식·정성호·한성숙 고심",Politics
오세훈·한동훈·유의동…생환 자체가 ‘장동혁 사퇴’ 독촉장 됐다,Politics
"장동혁, 사퇴론 제기에 ""새길 찾겠다"" 버티기…국힘, 내부 투쟁 이어질 듯",Politics
"스페이스X, IPO 공모 750억 달러…그린슈 포함 시 850억 달러",Economic
‘탱크데이’ 후폭풍…스타벅스 결제액 130억 줄었다,Economic
"“美, 한국산 관세 15% 안 넘긴다”...김정관 장관 “작년 합의 수준 준수 확인”",Economic
홍콩 ELS 과징금 대폭 낮아졌다…판매은행 5곳 6000억원 수준,Economic
"김정수 삼양식품 회장, 두 자녀에 대출 800억원·주식 20만주 증여",Economic
젠슨 황 5일 방한…'삼겹살 회동' 이어 판교행 전망,Economic
"두산베어스 ""젠슨 황 7일 잠실 홈경기 시구…박정원 회장 시타로 화답""",Economic
"정부, 바이오·기후테크·모빌리티 육성 위해 규제자유특구 7곳 신규 지정",Economic
구윤철 “금융·외환시장 변동성 확대…경각심 갖고 대응”,Economic
"환율, 17년 만에 1530원 돌파…당국 개입도 역부족",Economic
"TSMC 회장, 삼성전자 추격에 “사실상 꿈…대만 우위 지속”",Economic
"브로드컴이 촉발한 반도체주 매도세…숨고르기인가, 추세 반전인가",Economic
브로드컴 실적 쇼크가 다시 불지핀 'AI 버블론'…반도체株 '흔들',Economic
[속보] 코스피 급락에 '매도 사이드카'…삼성전자·SK하이닉스 '약세',Economic
환율 1530원대 근접...원화만 유독 약세인 이유는?,Economic
"'검은 금요일' 코스피, 6% 급락해 8,000대…반도체주 '휘청'(종합)",Economic
"젠슨 황, 오늘 홍대 형님 저요서 삼겹살 회동…이미 '예약 불가'",Economic
"상장 재도전 앞둔 엔솔바이오, 최대주주 50억 책임투자",Economic
"HD현대, SMR 추진선 개발 속도낸다",Economic
“지방선거 끝났다고 계좌가 시퍼렇네요”…코스피 ‘패닉셀링’ 5%대 급락,Economic
"""코스피, 고점 대비 20% 밀리면 강세장 종결 의심해야""",Economic
코스피 장 초반 5%대 급락… 변동성 확대,Economic
코스피 급락에 환율 1540원 육박…외국인 순매도 부담,Economic
"""버티면 먹는다?""...'1만피' 전망 또 나왔다",Economic
"'젠슨 황의 귀환' 성지 된 치킨집…""1차서만 200~300만원 매출""",Economic
"코스피, 8100선까지 '뚝'…브로드컴 쇼크에 SK하이닉스 8% 하락",Economic
"[월간 ETF] UNICORN 포스트IPO액티브, 새내기株의 '쓴맛'",Economic
AI 슈퍼사이클 올라탄 'K전력기기'..GIS 시장도 노린다,Economic
"[아침밥] SK증권 ""에이텀, 평판형 트랜스와 데이터센터로 성장축 확대""",Economic
'스벅 사태'에 밈마케팅 피하는 식음료계…'사건 정리표'도 등장,Economic
"SK온, 차세대 ESS '그리드온 Gen2' 첫선…북미 공략",Economic
"앱클론 “기술이전 위암 치료제, 글로벌 3상 첫 환자 투약 완료”",Economic
젠승 황 ‘제2의 깐부 회동’은 홍대 ‘형님 저요’서 삼겹살,Economic
"신영증권, 1조원 규모 자사주 소각에 13%↑",Economic
"젠슨 황 오는 날 코스피 털썩, 8100선까지 후퇴…삼전닉스 6% 이상 뚝",Economic
[속보]급락장에 코스피 매도 사이드카 발동,Economic
"'브로드컴 여파' SK하이닉스, 장 초반 7%↓…삼전 5% 급락",Economic
"코스피, 장 초반 6% 가까이 급락…매도 사이드카 발동",Economic
코스피 매도 사이드카 발동…장 초반 8200선까지 밀려 [투자360],Economic
‘브로드컴 쇼크’에 혼조 마감…다우 1.7%↑·나스닥 0.1%↓[뉴욕증시],Economic
8100선 밀려난 코스피 급락에…달러·원 환율 1540원 육박,Economic
"젠슨 황, 홍대 고깃집에서 韓기업 총수들과 '삼겹살 회동'",Economic
"“입자면서 파동인 ‘빛의 이중성’, 한국계 미국인인 내 정체성과 닮아”[M 인터뷰]",Economic
오세훈 역전승에…'고터 재개발 테마주' 이틀째 '들썩',Economic
“중국산 배터리 빈자리는 한국이”…부활 날갯짓하는 K배터리,Economic
사상최대 실적인데 주가는 너무 짜네…모두가 반등 외치는 키움증권,Economic
"한화에어로, 출범 후 첫 전사 생산라인 전면 중단…특별 안전점검 돌입(종합)",Social
"[속보] 경찰, 잠실7동 투표함 2개 반출…개표소로 이송",Social
초유의 투표용지 ‘품절’…“오세훈 당선 확정 못해”,Social
도수치료 회당 4만원대로 묶인다…주 2회·연간 15회로 제한,Social
"종합특검, 김용현·이상민 첫 소환…'관저 이전' 김대기도 재소환(종합)",Social
"'투표용지 부족 사태' 선관위 수사, 서울청 광역수사대 맡아",Social
진보교육감이 수도권 장악…“수월성 보다 평준화 교육에 힘 실린다”,Social
"“6월 모평 국어, 작년 수능보다 쉬워…EBS 연계율 50% 이상”",Social
오전까지 전국 곳곳 빗방울··· 초여름 날씨 이어져,Social
'사기·준강제추행' 허경영 세 번째 보석 청구,Social
"수족구 환자, 영유아 중심으로 한 달새 5배↑…9월까지 주의해야",Social
잠실 7동 투표함 2개 드디어 반출…시위대 봉쇄 35시간만,Social
둔기 휘둘러 이웃 다치게 한 60대 남성⋯범행 말리던 피해자 딸에게도 범행,Social
'잠실7동 투표함' 35시간 만에 반출…시위대 격렬히 저항,Social
"젠슨 황, 오늘 오후 1시30분 김포공항 입국…총수들과 회동",Social
"""위례 명칭 뺏긴 풍납동, 잠실로 편입해야"" 제안에 송파구 거절",Social
"""출근하던 아내가 지게차 치여 숨졌는데""...목격자 진술 '충격'",Social
8일부터 한강버스 타고 서울숲 간다···정원박람회 특별 노선 운영,Social
"""환영받지 못하는 느낌""…중국인 유학생 사연에 갑론을박",Social
내부 비위 잇따르는 인천경찰청…체감지표까지 꼴찌 악순환,Social
"경찰, 기동대 투입해 ‘잠실 투표소’ 투표함 2개 확보…개표소로 이동",Social
노동자를 “지옥불로 집어넣은” 방산업체,Social
"이재웅 전 대변인, 주핀란드대사로…재외공관장 5곳 인사",Social
"[속보] 잠실7동 투표함, 개표소 이송…기동대 투입 1시간 만에 확보",Social
"[속보] 경찰, '송파구 잠실 투표소' 투표함 2개 확보…봉쇄 35시간 만에 반출",Social
"""용지 부족 피해 직접 입증해야""...예상 손해배상액 보니 [Y녹취록]",Social
"부산 북구갑 한동훈, 오늘 국회 첫 등원…""보수 재건 위해 돌아갈 것""",Social
"잠실 투표함 2개, 34시간만에 반출…개표소로 이송",Social
"[자막뉴스] ""공산주의 국가냐"" 국민들도 '흥분'…경영자 VS 노동자 대표 '격돌'",Social
선관위 홍보 영상서 지역비하 '홍어'가?...해명 들어보니,Social
"“김어준 방송 반성도 없어”… ‘5선 성공’ 오세훈, TBS 관련 질문에 한 말",Social
"[자막뉴스] ""신원 밝혀라"" 출구 막은 시위대...선관위 직원 고립됐다",Social
"'제자 성폭행 혐의' 남경주 재판, 돌연 7월로 연기…변호인단 교체",Social
‘전공의 주72시간’ 어떤 점 달라졌나 보니…교수부담·숙련도 저하는 숙제,Social
"""여인형, 합수부 편성 이례적 훈련 지시""…계엄 리허설 정황 의심",Social
구글 'AI 학습용 봇 접근' 요구… 도구 줄테니 데이터 문 열라?,Social
"20년 차 선배에 ""징징대지 마""…익명 댓글 단 신입 결국",Social
[자막뉴스] 비닐하우스에 '덩그러니'...한숨만 나오는 레고랜드 유물 근황,Social
"경찰, 잠실투표소 시위대 충돌 끝 연행...투표함 반출",Social
드러누운 시위대 끌어내자 충돌…잠실7동 투표소 기동대 투입,Social
"""통화 내용 수상한데…"" 1억4000만원 피해 막은 택시기사의 '직감'",Social
"""의식 잃지 않자 또 먹였다""…친구 노린 20대 충격 범행",Social
"공천 실패가 부른 ‘패배’…영등포·동작구청장 선거, 누가 책임져야 하나?",Social
성과급 합의 끝나자 1만 8천 명 떠났다… 삼성 첫 과반노조 두 달 만에  붕괴,Social
"경찰, 잠실 시위 현장 진입 시도…시위대 해산 명령",Social
바코드는 찍는 척만…무인매장 18차례 턴 상습 절도범 검거(영상),Social
오전까지 강원도 약한 비…당분간 더위 주춤[날씨클릭],Culture
"인공지능이 대신 할 수 없는, 사람과 사람을 잇는 노동 [.txt]",Culture
6월 5일은 '국악의 날'…전국이 국악 무대로,Culture
2026년 6월 5일 띠별 운세[오늘의 운세],Culture
내일 출근길 중부·호남 비…서울 낮 최고 27도[날씨],Culture
"한국문학 번역 수요 4년 새 145%↑…문체부, 해외진출 지원 늘린다",Culture
“주식하다 망했다” 박정수 투자 실패…“삼전 8만원에 샀다 500만원 남겨”,Culture
"최휘영, 예술활동증명 신청 폭증에 “AI 도입 등 개선안 마련하겠다”",Culture
"“양말 신다 통증, 촬영 중단 사태”…병원 수술실 들어간 강남, 무슨일이",Culture
[날씨] 맑고 예년의 초여름 날씨...오전까지 강원 약한 비,Culture
"50대는 50㎞, 60대는 60㎞로 간다는데...나이 들수록 시간이 빨리 가는 이유",Culture
당뇨 있어도 맛있게 먹자! 비트 넣어 만든 ‘보르쉬 라면’[밀당365],Culture
"1950년 6월 26일 오륙도 승전보, 한국전쟁 운명 바꿨다",Culture
"폐암환자 '年1.5억 부담' 리브라반트, 건보 적용 첫 관문 퇑과",Culture
“서울 사는데 다지증 수술 하러 대구에 왔네요!”,Culture
“친구인 줄 알았는데”…내 실패 바라는 사람의 5가지 신호 [라이프+],Culture
[이주의 베스트셀러] 다시 자기계발서 활기?,Culture
"""간편해서 자주 먹었는데""…전문가 경고한 '치매 위험' 음식",Culture
[날씨] 오전까지 강원 비…당분간 30도 더위 주춤,Culture
"""드세던 희빈 장씨도 내 품에서 쉬고 있지요"" [느린 등산 봉산(서울둘레길 16코스)]",Culture
성스런 촛불 아래 화가는 돈을 셌다 [화폭역정 14],Culture
전문의 자격증 따자마자 몽골 향했다…20년간 오지 누빈 ‘야전 의사’,Culture
[날씨] 오늘 맑고 초여름 날씨...주말도 심한 고온 주춤,Culture
비구름 지난 뒤 아침 공기 선선…심한 더위 없어,Culture
"한 번 찍어 맛보더니 ""이걸 한국인만 먹었어?""…세계인 입맛 사로잡은 K소스",Culture
[날씨] 오전까지 강원 비 조금…당분간 더위 주춤,Culture
수출 날개 단 ‘리쥬란’으로 최대 실적 이끈다[바이오리더스클럽],Culture
"""차 에어컨 퀴퀴한 악취""…원인은 곰팡이, 예방과 해결책은",Culture
"“사랑니 아파서 치과 갔다가”…’이 암’ 진단 받은 19세, 무슨 증상 겪었나",Culture
"지역의료 살릴 구원투수? 개원 사흘 앞둔 국립소방병원, 의사 채용 난항",Culture
“쌀알보다 작은데 영양소는 더 많아”… 혈당 낮추는 데 좋은 ‘곡물’은?,Culture
피레네산맥 정상에 십자가 사라졌다,Culture
“커피랑 절대 같이 먹지 말라”…영양사가 경고한 ‘최악의 조합’ 뭐길래 [헬시타임],Culture
"[출근길 YTN 날씨 6/6] 선선한 출근길...오늘 하늘 맑아져, 초여름 날씨",Culture
"“그렇구나, 알아두겠다” 남태령을 메운 연대의 공기",Culture
[출근길 날씨] 주말까지 초여름 날씨…큰 더위 없어,Culture
[날씨클릭] 오전까지 강원도 약한 비…당분간 더위 주춤,Culture
"“수박에 랩 씌웠다가 후회”…여름 과일, 신선하게 오래 먹는 법은?",Culture
"""출렁다리 수백억 쓸 바엔""…지방소멸 막는 '5000만원의 기적'",Culture
[유석재의 돌발史전 2.0] “1946년 이승만의 정읍선언은... 통일 민주공화국 세우겠다는 선언”,Culture
인간이 AI보다 잘하는 딱 한가지···사람의 마지막 직업 ‘연결노동’[책과삶],Culture
"밤에 안 보이는 ‘스텔스차’ 없앤다···어두워지면 차량 전조등 자동으로 켜지게, 9월부터 모든 차량 장착",Culture
"[단독] 무더기 납품지연 논란에…정부, 철도차량 입찰방식 손질한다",Culture
이민정·아이유도 고백했던 ‘이 질환’…“젊은女 암 발병 증가와 관련”,Culture
"헤즈볼라·이란, 미 중재 휴전안 거부…“이스라엘군 완전 철수해야”",World
"루비오 미 국무 ""검열로 톈안먼 사태 과거 지울 수 없다""",World
"""北, 김일성 광장서 대규모 행사 준비…시진핑 방북 임박""",World
"외신 ""6·3 지방선거, 이대통령 리더십 확인…서울 패배는 타격""",World
"트럼프 탈모약 복용 여부, 의료기록서 제외…중단인지 고의인지 ‘관심’",World
日가전 유통업계 빅딜…야마다HD·에디온 경영 통합 추진,World
"""두달째 뺏긴 땅보다 더 탈환""…우크라, 장거리 드론 전략 적중",World
"루비오 “미국 기업 향한 한국 정부 차별, 무역합의에도 영향”",World
"트럼프, 석탄 부활 승부수…10년 만에 신규 발전소",World
"로이터 ""젠슨 황 7개월만에 또 방한…韓 AI 전략적 중요성 반영""",World
"""이 대통령 지지세 확인했지만…"" 외신이 본 지방선거는?",World
'닷컴 버블' 직전에도 이랬는데...웃고 있지만 공포에 떠는 월가 [굿모닝경제],World
"""美·러 본토 연결할 베링해협 터널 설계 협정 체결 예정""",World
"""이란과 관계 끊으라"" 미국 압박에 오만 저항",World
"이란 ""헤즈볼라 안보 없이 중동평화 없다""…종전 핵심 조건 고수",World
"스페이스X 역대 최대 IPO…머스크, 인류 최초 '조만장자' 되나 [소셜픽]",World
브로드컴 쇼크에 반도체 매도·비기술주 매수,World
중간선거 앞두고 공화당-트럼프 '균열'…잇달아 '반란표' [이상은의 워싱턴나우],World
"젤렌스키, 푸틴에 ""만나 얘기하자""…공개서한으로 종전협상 압박",World
"트럼프 ""이란戰 어떤 식으로든 승리…합의 시 모즈타바 만날 수도""",World
"다카이치 앞에서 ‘진주만’ 꺼냈던 트럼프, 이번엔 ‘미드웨이’ 찬양",World
빌 게이츠·SK가 점찍은…'미래 원전' 현장을 가다,World
"이란 외무차관 ""완전한 국익보장 전엔 美와 어떤 합의도 없다""",World
"젠슨 황, 美상원 청문회 출석할까…중국 AI 칩 판매 도마 위",World
"美국무, 이란의 쿠웨이트 공항 공격 규탄 ""용납 불가""",World
"“김일성광장서 무슨 일이?”…평양 한복판 대형 공사, 시진핑 방북설 급부상",World
"‘카드결제 중지, 호텔도 철수 러시’…붕괴 위기? 美트럼프 압박에 휘청이는 쿠바",World
AI 전력 확보 전쟁…미국 차세대 원전에 한국 기업 가세,World
"트럼프 ""결국 美 승리...이란 최고지도자 만나면 예의 갖출 것""",World
[비즈 나우] 부채가 만든 '독이 든 성배'…반도체 초호황 제동?,World
AI 시장 5조달러? 허술한 셈법에 들뜬 IPO 시장,World
"젤렌스키, 푸틴에 공개서한…""직접 만나 담판 짓자""",World
'버블 신호' 140년 은광도 뉴욕증시 상장,World
헤즈볼라 반발에 휴전 합의 위태…중동 전쟁 '안갯속',World
"트럼프 ""이란 농축우라늄 확보 합의 필요없어…어떤 방식이든 승리""",World
“철자 틀리면 감점” 외친 교육장관…생방송서 받아쓰기 오답 망신,World
트럼프 “쿠바 정권 제거해야”…수뇌부 전체 ‘블랙리스트’ 올렸다,World
AI·우주기업 상장 광풍…140년 된 은광도 뉴욕증시 달궜다,World
"""반도체 랠리 피로감""…브로드컴 12%↓·마이크론 7%↓",World
"휴전 '무용지물'…이스라엘·헤즈볼라 ""철수 못해""",World
"美, 쿠바 대통령·카스트로 가족 등 전·현 최고권력층 제재(종합)",World
"트럼프 “헤즈볼라, 상황 주시하는듯…이란戰, 문서든 군사든 우리가 승리”[1일1트]",World
트럼프 “종전 협상으로든 군사행동으로든 결국 미국이 승리”,World
미셸 스틸 주한 미국대사 지명자 인준안 美상원 외교위 통과,World
"외신 ""지선 결과, 이 대통령 지지세 반영"" 평가…서울시장 오세훈 승리도 주목",World
"CJ ENM, 티빙 개인정보 유출 여파에 2%대 약세",IT
"김종철 방미통위 위원장 ""글로벌 FAST 시장 선점해야""",IT
"젠슨 황, 크래프톤과 회동…피지컬AI·게이밍 협업 논의",IT
"넷마블, 지타워 7000억원에 매각…2028년 과천으로 간다",IT
"SKT, 앤트로픽 보안 프로젝트 '글래스윙' 참여",IT
"""반도체 신화에 17년 안주""…정부, 2045년 '과학 G3 도약' 청사진 그린다(종합)",IT
"NC AI, 한화오션 선박에 ‘자율 용접 로봇 AI 두뇌’ 장착한다",IT
KT도 통합요금제 출시…7월 1일부터 '안심 무제한',IT
"이재명 정부 1년, 혁신성장정책 어땠나…성적표 매겼더니",IT
"젠슨 황, 홍대서 총수들과 삼겹살 회동 예정",IT
"""삼성, 갤럭시Z플립 8에 듀얼 칩 검토""…원가 절감 노리나",IT
"KT, 105→18종 요금제 축소…데이터 ‘안심 옵션’ 전면 도입",IT
"'젠슨 형 보러 홍대갈까'...'삼소' 회동 식당 ""예약 마감""",IT
"클래시스, 제프리스 헬스케어 컨퍼런스 참여 ... K미용기기 알렸다",IT
'맥북 울트라'로 돌아온다…애플 첫 OLED 맥북 프로 윤곽,IT
"젠슨 황, 오늘 SK·LG·네이버 총수와 홍대서 '삼겹살' 회동",IT
“톰크루즈 못잖은 놀라운 조종 실력”…세계 첫 로봇 파일럿 등장,IT
삼성 차기 폴더블폰 ‘갤럭시Z폴드8 울트라’ 유력,IT
"[인터뷰] 모하메드 아와드 Arm ""자체 CPU 없는 빅테크 겨냥…인프라 최적화가 핵심""",IT
전시장 바닥에 앉아 쉬는 젠슨 황 포착 …소탈한 '호랑이 경영자',IT
한배 탄 라인게임즈와 카카오게임즈,IT
"""연봉 조금 적어도 성과급 주는 회사 다닐래요""",IT
문닫는 美 전문직(H-1B)비자…엔비디아만 ‘숨통’ 열어뒀다,IT
"[인터뷰] 해밀턴 WD 디렉터 ""NVMe-oF, HBM 부담 덜 SSD 확장 계층 될 것""",IT
선 없는 GPU의 비밀…젠슨 황이 마벨을 띄운 이유,IT
"""내 정보 털려서 티빙 구독권 받았는데, 거기서 또 털리다니""",IT
"""우리 딸 반친구 절반이 걸렸대요""…수족구병 유행 주의보",IT
"스페이스X “AI 데이터센터, 결국 우주로 간다…우린 우주 AI인프라 기업”",IT
‘저승사자’ 한동훈 당선에 업스테이지 초긴장… 국민성장펀드·국가대표 AI 어쩌나,IT
[체험기] 韓 상륙한 메타 AI 안경 써보니… 말 걸면 그림 설명·번역 ‘척척’,IT
[비욘드 미토스①] 앤트로픽 '글래스윙'에 올라탄 한국…AI 사이버방어 새 국면,IT
"""경쟁사 속도전에 자극받았나""…애플, 비전 프로 접고 안경으로 급선회",IT
"'젠슨 황이 주목한 용접로봇용 AI' NC AI, 한화오션과 개발",IT
"[사이테크+] ""우리은하 중심 블랙홀은 현재 활동중…'바람' 분출 흔적 발견""",IT
물의 비밀부터 신소재까지… 과학 난제 해결사 된 ‘포항의 빛’,IT
"젠슨 황, 한국 게임사 왜 만날까… AI 노트북, 피지컬AI 플랫폼 확장 노리는 듯",IT
"삼성전자-넷리스트, 美특허분쟁 확전...HBM도 쟁점",IT
"“인스타도 이제 끝인가”…월 6000원 내면 ‘이것’까지 가능, 누리꾼 탄식",IT
“새로운 곳 찾을까” “아는 맛집 또 갈까”… 여행지 식당 선택법 수학으로 풀었다,IT
머스크 꿈 산다면 2700조…리스크도 감안 땐 1200조,IT
"""AI반도체 세계 선도 가능...피지컬AI와 '원팀' 이뤄야""",IT
"“명품도 아닌데 ‘69만원’ 짜리 안경”…이걸 누가 사나 했는데, 실제로 써보니",IT
"젠슨 황, 5일 오후 1시 김포공항 도착 후 '삼소 회동' 예정",IT
"""너무 비싸니까 깎아줘""…'30조' 돈벼락 맞은 직장인 향한 곳",IT
